fullVisitorId,productSKU,productName,quantity,totalValue,consecutiveWeeksCount,lastWeek
009940587374167418,GGOENEBB081499,Nest® Cam Indoor Security Camera - CA,1,149000000,1,2017-05-18
0134543573456503980,GGOEGDHQ015399,26 oz Double Wall Insulated Bottle,1,19990000,1,2016-11-03
0134543573456503980,GGOEGEVR014999,Google Water Resistant Bluetooth Speaker,1,27990000,1,2016-11-03
0134543573456503980,GGOEGFKQ020399,Google Laptop and Cell Phone Stickers,1,1590000,1,2016-11-03
0220950878922124751,GGOEAOCH014199,Android Journal Book Set,4,35960000,1,2016-10-24
0399898640502614509,GGOENEBJ079499,Nest® Learning Thermostat 3rd Gen-USA - Stainless Steel,1,149000000,1,2016-12-18
040111204275139283,GGOENEBB078899,Nest® Cam Indoor Security Camera - USA,2,238000000,1,2016-11-29
0412219395222494542,GGOENEBQ078999,Nest® Cam Outdoor Security Camera - USA,1,119000000,1,2016-12-10
0412717133781136097,GGOENEBB081499,Nest® Cam Indoor Security Camera - CA,1,149000000,1,2017-01-03
0445232572942957923,GGOENEBQ078999,Nest® Cam Outdoor Security Camera - USA,2,238000000,1,2017-02-14
0481361866832333678,GGOEGOAQ018099,Pen Pencil & Highlighter Set,3,11970000,1,2016-08-15
0544022299940204495,GGOENEBJ079499,Nest® Learning Thermostat 3rd Gen-USA - Stainless Steel,2,298000000,1,2016-11-25
0561666321092442666,GGOENEBJ079499,Nest® Learning Thermostat 3rd Gen-USA - Stainless Steel,1,149000000,1,2017-01-03
0656598069187326771,GGOENEBJ079499,Nest® Learning Thermostat 3rd Gen-USA - Stainless Steel,2,298000000,1,2016-11-23
0656598069187326771,GGOENEBQ079199,Nest® Protect Smoke + CO White Wired Alarm-USA,2,158000000,1,2016-11-23
0669174691212779276,GGOENEBB078899,Nest® Cam Indoor Security Camera - USA,1,119000000,1,2017-04-24
067516997967648879,GGOEGAEJ029913,Google Women's V-Neck Tee Charcoal,1,15190000,1,2016-09-06
069473251386882537,GGOENEBJ079499,Nest® Learning Thermostat 3rd Gen-USA - Stainless Steel,3,447000000,1,2016-12-12
069473251386882537,GGOENEBQ079199,Nest® Protect Smoke + CO White Wired Alarm-USA,3,237000000,1,2016-12-12
0700526697601617367,GGOENEBB078899,Nest® Cam Indoor Security Camera - USA,1,119000000,1,2016-12-15
0700526697601617367,GGOENEBQ078999,Nest® Cam Outdoor Security Camera - USA,1,119000000,1,2016-12-15
0710632165228073636,GGOEGOLC014299,Google Metallic Notebook Set,200,1198000000,1,2017-06-12
0720258614729205103,GGOENEBJ079499,Nest® Learning Thermostat 3rd Gen-USA - Stainless Steel,1,149000000,1,2017-01-24
0770284175204871841,GGOENEBJ079499,Nest® Learning Thermostat 3rd Gen-USA - Stainless Steel,1,149000000,1,2016-12-20
0777922178356486144,GGOEGCKQ013199,1 oz Hand Sanitizer,1,1590000,1,2016-08-09
0777922178356486144,GGOEGKAA019299,Pop-a-Point Crayon,1,1590000,1,2016-08-09
0777922178356486144,GGOEGOAB021499,Metal Texture Roller Pen,1,23190000,1,2016-08-09
0777922178356486144,GGOEGOAQ018099,Pen Pencil & Highlighter Set,1,3190000,1,2016-08-09
0790076231044119145,GGOEAAAJ032416,Android Men's Short Sleeve Tri-blend Hero Tee Grey,1,18990000,1,2016-09-07
0790076231044119145,GGOEADWQ015699,Android Rise 14 oz Mug,1,12990000,1,2016-09-07
0799674371712309630,GGOENEBJ079499,Nest® Learning Thermostat 3rd Gen-USA - Stainless Steel,2,298000000,1,2017-02-28
0807420467818204727,GGOENEBJ079499,Nest® Learning Thermostat 3rd Gen-USA - Stainless Steel,2,298000000,1,2016-12-21
0858059046468321718,GGOEGAFB035813,Google Men's  Zip Hoodie,1,55990000,1,2017-05-24
0894441452857839509,GGOEGBFC018799,Electronics Accessory Pouch,20,79800000,1,2016-11-21
0894441452857839509,GGOEGOAR013099,Google Stylus Pen w/ LED Light,40,176000000,1,2016-11-21
0894441452857839509,GGOEGOCB017499,Leatherette Journal,30,263700000,1,2016-11-21
0926892398055293807,GGOENEBB078899,Nest® Cam Indoor Security Camera - USA,1,119000000,1,2017-05-22
0933869536965575613,GGOENEBJ079499,Nest® Learning Thermostat 3rd Gen-USA - Stainless Steel,1,149000000,1,2017-02-01
0941726438399473483,GGOEGFYQ016599,Foam Can and Bottle Cooler,50,79500000,1,2017-06-06
0956192360029834252,GGOENEBJ079499,Nest® Learning Thermostat 3rd Gen-USA - Stainless Steel,1,149000000,1,2017-01-10
0956192360029834252,GGOENEBQ079199,Nest® Protect Smoke + CO White Wired Alarm-USA,2,158000000,1,2017-01-10
0962178629854706857,GGOENEBJ079499,Nest® Learning Thermostat 3rd Gen-USA - Stainless Steel,1,149000000,1,2016-12-19
1006586895176730194,GGOEGHGC019799,Google Sunglasses,2,5600000,1,2017-04-04
1006586895176730194,GGOEGHGH019699,Google Sunglasses,2,5600000,1,2017-04-04
1023615951662839630,GGOEGKWQ060910,Google Bib White,1,9590000,1,2016-09-21
1032164895567877445,GGOENEBQ079099,Nest® Protect Smoke + CO White Battery Alarm-USA,5,395000000,1,2016-12-03
1032164895567877445,GGOENEBQ079199,Nest® Protect Smoke + CO White Wired Alarm-USA,3,237000000,1,2016-12-03
1036690457275487671,GGOEGOBC078699,Google Luggage Tag,1,8990000,1,2017-04-26
1139304862257364269,GGOENEBJ079499,Nest® Learning Thermostat 3rd Gen-USA - Stainless Steel,1,149000000,1,2017-01-03
1155174880409639108,GGOENEBJ079499,Nest® Learning Thermostat 3rd Gen-USA - Stainless Steel,1,149000000,1,2017-02-02
1160204963389257110,GGOEGAAJ032615,Google Men's Short Sleeve Badge Tee Charcoal,1,15190000,1,2017-06-27
1190180893648391461,GGOENEBQ078999,Nest® Cam Outdoor Security Camera - USA,2,238000000,1,2017-07-11
1293859889635603442,GGOEGBMJ013399,Sport Bag,3,11970000,1,2017-03-11
1293859889635603442,GGOEGDHC074099,Google 17oz Stainless Steel Sport Bottle,1,15190000,1,2017-03-11
1293859889635603442,GGOEGDHJ023099,Insulated Bottle,1,17590000,1,2017-03-11
1308843236768324191,GGOENEBQ079199,Nest® Protect Smoke + CO White Wired Alarm-USA,1,79000000,1,2016-11-09
1322920577212968147,GGOENEBQ078999,Nest® Cam Outdoor Security Camera - USA,2,238000000,1,2017-06-24
1413300845517352724,GGOENEBJ079499,Nest® Learning Thermostat 3rd Gen-USA - Stainless Steel,1,149000000,1,2016-12-21
1437703405675890826,GGOENEBB078899,Nest® Cam Indoor Security Camera - USA,1,119000000,1,2017-06-04
1439206441625639697,GGOEGDWC020199,Engraved Ceramic Google Mug,1,7190000,1,2016-12-19
1439206441625639697,GGOEGDWR015799,Red Shine 15 oz Mug,1,10390000,1,2016-12-19
1459632146780040388,GGOENEBQ079099,Nest® Protect Smoke + CO White Battery Alarm-USA,1,79000000,1,2016-11-16
155711517942843047,GGOEGDHG082499,Google 25 oz Clear Stainless Steel Bottle,60,671400000,1,2017-01-09
155711517942843047,GGOEGOLC014299,Google Metallic Notebook Set,60,287400000,1,2017-01-09
1596912606849218999,GGOEGHGC019799,Google Sunglasses,1,3500000,1,2017-01-17
1623083926314272247,GGOENEBQ078999,Nest® Cam Outdoor Security Camera - USA,1,119000000,1,2016-12-13
1708063999877429517,GGOEAKDH019899,Windup Android,5,15950000,1,2017-04-20
1708063999877429517,GGOEGOAR021999,Color Changing Grip Pen,25,30000000,1,2017-04-20
1817256435818850257,GGOEGHGT019599,Google Sunglasses,1,3500000,1,2016-08-09
1827763305655925232,GGOEGAAQ010416,Google Men's 100% Cotton Short Sleeve Hero Tee White,2,27180000,1,2016-12-19
1827763305655925232,GGOEGDHC018299,Google 22 oz Water Bottle,5,11950000,1,2016-12-19
1827763305655925232,GGOEGFSR022099,Google Kick Ball,10,15900000,1,2016-12-19
1827763305655925232,GGOEGHPA002910,Google Trucker Hat,2,35180000,1,2016-12-19
1847894628601017844,GGOENEBJ079499,Nest® Learning Thermostat 3rd Gen-USA - Stainless Steel,1,149000000,1,2017-01-24
1867667711905425727,GGOENEBQ079099,Nest® Protect Smoke + CO White Battery Alarm-USA,1,79000000,1,2017-01-20
1956307607572137989,GGOEGAAL010616,Google Men's 100% Cotton Short Sleeve Hero Tee Navy,2,33980000,1,2016-11-17
1956307607572137989,GGOEGAAQ010416,Google Men's 100% Cotton Short Sleeve Hero Tee White,3,50970000,1,2016-11-17
1956307607572137989,GGOEGOAB015899,Rainbow Stylus Pen,25,37500000,1,2016-11-17
1956307607572137989,GGOEGOAB021699,Google Ballpoint Pen Black,25,49750000,1,2016-11-17
1956307607572137989,GGOEGODR017799,Recycled Mouse Pad,10,15000000,1,2016-11-17
1956307607572137989,GGOEGOFH020299,Galaxy Screen Cleaning Cloth,25,49750000,1,2016-11-17
1957458976293878100,GGOEGDHC018299,Google 22 oz Water Bottle,145,433550000,2,2017-06-08
1957458976293878100,GGOEGOCC017599,Recycled Paper Journal Set,27,107730000,1,2017-06-01
1957458976293878100,GGOEGOCR017899,Recycled Paper Journal Set,34,135660000,2,2017-06-08
1996391120328374749,GGOENEBJ079499,Nest® Learning Thermostat 3rd Gen-USA - Stainless Steel,3,447000000,2,2016-12-04
2028470833060802732,GGOEGAEJ030813,Google Women's Long Sleeve Blended Cardigan Charcoal,1,16790000,1,2017-07-28
2095275332162500073,GGOENEBJ079499,Nest® Learning Thermostat 3rd Gen-USA - Stainless Steel,1,149000000,1,2017-03-18
213465488216513322,GGOEGFSR022099,Google Kick Ball,20,39800000,1,2016-10-26
213465488216513322,GGOEGGOA017399,Maze Pen,100,99000000,1,2016-10-26
213465488216513322,GGOEGODR017799,Recycled Mouse Pad,15,22500000,1,2016-10-26
213465488216513322,GGOEGOFH020299,Galaxy Screen Cleaning Cloth,20,39800000,1,2016-10-31
2203276140288644694,GGOENEBJ079499,Nest® Learning Thermostat 3rd Gen-USA - Stainless Steel,1,149000000,1,2017-01-31
2284043957646651909,GGOENEBJ079499,Nest® Learning Thermostat 3rd Gen-USA - Stainless Steel,1,149000000,1,2017-04-02
2284043957646651909,GGOENEBQ079199,Nest® Protect Smoke + CO White Wired Alarm-USA,1,79000000,1,2017-04-02
2336419305699143492,GGOENEBJ079499,Nest® Learning Thermostat 3rd Gen-USA - Stainless Steel,2,298000000,1,2016-12-06
2402527199731150932,GGOEGFKQ020399,Google Laptop and Cell Phone Stickers,30,47700000,1,2017-02-06
2402527199731150932,GGOEGOCC017599,Recycled Paper Journal Set,45,143550000,2,2017-02-06
2402527199731150932,GGOEGOCR017899,Recycled Paper Journal Set,45,143550000,2,2017-02-06
2446685875964479851,GGOEGFSR022099,Google Kick Ball,50,99500000,1,2016-11-30
2446685875964479851,GGOEGGOA017399,Maze Pen,155,153450000,1,2016-11-30
2446685875964479851,GGOEGOAC021799,Ballpoint Pen Blue,50,49500000,1,2016-11-30
2446685875964479851,GGOEGOAR021899,Retractable Ballpoint Pen Red,50,62500000,1,2016-11-30
2446685875964479851,GGOEGOAR021999,Color Changing Grip Pen,50,75000000,1,2016-11-30
2469314952697250520,GGOENEBQ078999,Nest® Cam Outdoor Security Camera - USA,1,119000000,1,2016-12-15
2503835955867411323,GGOENEBQ079099,Nest® Protect Smoke + CO White Battery Alarm-USA,3,237000000,1,2017-06-19
257355025676247753,GGOENEBQ081599,Nest® Cam Outdoor Security Camera - CA,1,149000000,1,2017-05-29
2589503145622443872,GGOENEBB078899,Nest® Cam Indoor Security Camera - USA,1,119000000,1,2017-06-18
2594898159442644301,GGOENEBB078899,Nest® Cam Indoor Security Camera - USA,1,119000000,1,2016-12-15
2615132191795573329,GGOEADHH082399,Android 25 oz Green Apple Stainless Steel Bottle,4,44760000,1,2017-01-09
2615132191795573329,GGOEAKDH019899,Windup Android,14,44660000,1,2017-01-09
2615132191795573329,GGOEGDHC082299,Google 25 oz Blue Stainless Steel Bottle,4,44760000,1,2017-01-09
2615132191795573329,GGOEGDHG082499,Google 25 oz Clear Stainless Steel Bottle,2,22380000,1,2017-01-09
2615132191795573329,GGOEGDHR082199,Google 25 oz Red Stainless Steel Bottle,4,44760000,1,2017-01-09
2615132191795573329,GGOEGOGA016299,Grip Highlighter Pen 3 Pack,5,19950000,1,2017-01-09
2621801494335906082,GGOENEBQ078999,Nest® Cam Outdoor Security Camera - USA,1,119000000,1,2017-03-25
2623091405818391862,GGOENEBB078899,Nest® Cam Indoor Security Camera - USA,1,119000000,1,2017-03-07
2627508925809214754,GGOEGDWC020199,Engraved Ceramic Google Mug,1,7190000,1,2016-12-22
2630626637929580327,GGOEGCKQ013199,1 oz Hand Sanitizer,5,9950000,1,2016-11-05
2645531348518887881,GGOENEBQ078999,Nest® Cam Outdoor Security Camera - USA,1,119000000,1,2016-12-04
2650701486940953530,GGOENEBJ079499,Nest® Learning Thermostat 3rd Gen-USA - Stainless Steel,1,149000000,1,2016-12-24
2798860563152258978,GGOENEBQ084699,Nest® Learning Thermostat 3rd Gen-USA - White,1,149000000,1,2017-07-16
2841770414885056568,GGOENEBQ078999,Nest® Cam Outdoor Security Camera - USA,1,119000000,1,2016-11-12
2842342609640358960,GGOEGBRJ037299,Google Alpine Style Backpack,1,79990000,1,2016-08-17
2854722262909538790,GGOEADHH055999,22 oz Android Bottle,3,8970000,1,2016-09-22
2854722262909538790,GGOEGBJR018199,Reusable Shopping Bag,2,7000000,1,2016-09-22
2854722262909538790,GGOEGGOA017399,Maze Pen,6,5940000,1,2016-09-22
2854722262909538790,GGOEGPJC019099,7&quot; Dog Frisbee,2,3000000,1,2016-09-22
2854722262909538790,GGOEGPJR018999,7&quot; Dog Frisbee,2,3000000,1,2016-09-22
286654623670344739,GGOENEBB078899,Nest® Cam Indoor Security Camera - USA,2,238000000,1,2016-12-26
2877163320289996955,GGOENEBQ079199,Nest® Protect Smoke + CO White Wired Alarm-USA,2,158000000,1,2017-06-17
2919716928934208535,GGOEGAXC065228,Google Toddler Short Sleeve T-shirt Royal Blue,1,13590000,1,2017-06-20
2919716928934208535,GGOEGAXQ067129,Google Toddler Short Sleeve Tee White,1,13590000,1,2017-06-20
2919716928934208535,GGOEGAXR065128,Google Toddler Short Sleeve Tee Red,1,13590000,1,2017-06-20
2919716928934208535,GGOEGAXR066055,Google Toddler Sports T-shirt Red,1,15190000,1,2017-06-20
2919716928934208535,GGOEGAYH067956,Google Youth Girl Tee Green,1,15190000,1,2017-06-20
2919716928934208535,GGOEGAYQ069056,Google Youth Short Sleeve Tee White,1,15190000,1,2017-06-20
2919716928934208535,GGOEGAYT068524,Google Youth Short Sleeve T-shirt Yellow,1,10630000,1,2017-06-20
2919716928934208535,GGOEYAXR066129,You Tube Toddler Short Sleeve Tee Red,1,13590000,1,2017-06-20
2919716928934208535,GGOEYAYR068624,YouTube Youth Short Sleeve Tee Red,1,15190000,1,2017-06-20
2936634930290678437,GGOEGHPA003010,Google Wool Heather Cap Heather/Navy,1,19990000,1,2017-03-18
2942212781099976151,GGOEADWQ015699,Android Rise 14 oz Mug,2,20780000,1,2016-12-19
2943823964858071574,GGOENEBJ079499,Nest® Learning Thermostat 3rd Gen-USA - Stainless Steel,2,298000000,1,2016-11-12
2963915564048659940,GGOENEBQ078999,Nest® Cam Outdoor Security Camera - USA,1,119000000,1,2017-01-12
3033366073043100694,GGOEGCKQ013199,1 oz Hand Sanitizer,1,1990000,1,2016-09-22
30596413607230095,GGOENEBB078899,Nest® Cam Indoor Security Camera - USA,1,119000000,1,2017-02-06
3088812760641264921,GGOENEBB078899,Nest® Cam Indoor Security Camera - USA,1,119000000,1,2017-07-24
3088812760641264921,GGOENEBJ079499,Nest® Learning Thermostat 3rd Gen-USA - Stainless Steel,3,447000000,1,2017-07-24
3088812760641264921,GGOENEBQ078999,Nest® Cam Outdoor Security Camera - USA,1,119000000,1,2017-07-24
3244885836845029978,GGOEGDHC018299,Google 22 oz Water Bottle,200,478000000,1,2016-09-06
3271602591909428154,GGOEGAPB057813,Women's Performance Full Zip Jacket Black,1,95990000,1,2016-12-16
3287424336851494398,GGOEGAEJ030714,Google Men's 3/4 Sleeve Raglan Henley Grey,1,19990000,1,2017-03-27
3287424336851494398,GGOEGAEJ030716,Google Men's 3/4 Sleeve Raglan Henley Grey,1,19990000,1,2017-03-27
3296845514856857393,GGOENEBB078899,Nest® Cam Indoor Security Camera - USA,2,238000000,1,2016-12-04
3296845514856857393,GGOENEBQ078999,Nest® Cam Outdoor Security Camera - USA,1,119000000,1,2016-12-04
3453178386574911024,GGOENEBJ079499,Nest® Learning Thermostat 3rd Gen-USA - Stainless Steel,1,149000000,1,2016-12-20
3534570005343502837,GGOEGFKA022299,Keyboard DOT Sticker,1,1200000,1,2017-04-18
353609143873862442,GGOENEBJ079499,Nest® Learning Thermostat 3rd Gen-USA - Stainless Steel,1,149000000,1,2017-06-19
3765491629047320813,GGOEYAAJ032515,YouTube Men's Short Sleeve Hero Tee Charcoal,1,18990000,1,2017-01-23
3850630971135697760,GGOEADHJ015599,Android 24 oz Contigo Bottle,1,13430000,1,2017-04-21
3857043812510146001,GGOEGGOA017399,Maze Pen,20,19800000,1,2017-06-22
3857043812510146001,GGOEGOCR017899,Recycled Paper Journal Set,20,79800000,1,2017-06-22
3900890938241700062,GGOENEBJ079499,Nest® Learning Thermostat 3rd Gen-USA - Stainless Steel,1,149000000,1,2016-12-24
392545984607168790,GGOENEBJ079499,Nest® Learning Thermostat 3rd Gen-USA - Stainless Steel,1,149000000,1,2016-12-09
3976777755892990824,GGOEGESC014699,Aluminum Handy Emergency Flashlight,8,108720000,1,2016-11-18
4099563378915658167,GGOENEBQ078999,Nest® Cam Outdoor Security Camera - USA,1,119000000,1,2017-01-12
4116206238605404224,GGOEGBJL013999,Google Canvas Tote Natural/Navy,1,12790000,1,2017-05-17
4140559214164857738,GGOEADWQ015699,Android Rise 14 oz Mug,1,12990000,1,2017-06-13
4140559214164857738,GGOEAFKQ020599,Android Sticker Sheet Ultra Removable,1,2990000,1,2017-06-13
4140559214164857738,GGOEGBJC019999,Collapsible Shopping Bag,2,9980000,1,2017-06-13
4140559214164857738,GGOEGFYQ016599,Foam Can and Bottle Cooler,2,3980000,1,2017-06-13
4140559214164857738,GGOEYDHJ019399,24 oz YouTube Sergeant Stripe Bottle,1,7990000,1,2017-06-13
4140559214164857738,GGOEYOLR018699,YouTube Leatherette Notebook Combo,2,13980000,1,2017-06-13
4184243546859137361,GGOENEBJ079499,Nest® Learning Thermostat 3rd Gen-USA - Stainless Steel,1,149000000,1,2017-07-30
4191654871684266030,GGOENEBJ079499,Nest® Learning Thermostat 3rd Gen-USA - Stainless Steel,2,298000000,1,2017-01-01
4242172639873299272,GGOENEBQ078999,Nest® Cam Outdoor Security Camera - USA,1,119000000,1,2016-12-03
4278586548289840402,GGOENEBQ079199,Nest® Protect Smoke + CO White Wired Alarm-USA,1,79000000,1,2017-06-20
428994201200499894,GGOEYDHJ019399,24 oz YouTube Sergeant Stripe Bottle,70,559300000,1,2016-09-07
428994201200499894,GGOEYFKQ020699,YouTube Custom Decals,70,139300000,1,2016-09-07
428994201200499894,GGOEYOLR018699,YouTube Leatherette Notebook Combo,70,489300000,1,2016-09-07
431995905654252999,GGOENEBB078899,Nest® Cam Indoor Security Camera - USA,1,119000000,1,2017-06-02
4432170800264031771,GGOEGBJC019999,Collapsible Shopping Bag,2,7980000,1,2017-03-30
4432170800264031771,GGOEGDHR082199,Google 25 oz Red Stainless Steel Bottle,2,22380000,1,2017-03-30
4478485114168698618,GGOEGAQB036014,Google Women's Fleece Hoodie,1,44790000,1,2016-10-06
4478485114168698618,GGOEGCGB022199,Fashion Sunglasses & Pouch,1,3600000,1,2016-10-06
4520187872787640137,GGOENEBQ079199,Nest® Protect Smoke + CO White Wired Alarm-USA,2,158000000,1,2017-06-16
4542569730574642980,GGOEAAAJ032915,Android Men's Long & Lean Badge Tee Charcoal,6,36000000,1,2017-07-29
4542569730574642980,GGOEGAEJ028013,Google Women's Short Sleeve Hero Tee Grey,7,35700000,1,2017-07-29
4542569730574642980,GGOEGAEJ028014,Google Women's Short Sleeve Hero Tee Grey,13,66300000,1,2017-07-29
4544717530086880148,GGOENEBQ078999,Nest® Cam Outdoor Security Camera - USA,4,476000000,1,2017-06-22
4599293151185767579,GGOEGADB059613,Google Men's Quilted Insulated Vest Black,1,59990000,1,2017-01-05
4599293151185767579,GGOEGOFH020299,Galaxy Screen Cleaning Cloth,1,1590000,1,2017-01-05
4609004095369993884,GGOEAKDH019899,Windup Android,3,9570000,1,2016-12-19
4656013451214852982,GGOENEBJ079499,Nest® Learning Thermostat 3rd Gen-USA - Stainless Steel,1,149000000,1,2016-12-19
467225047274698461,GGOENEBQ078999,Nest® Cam Outdoor Security Camera - USA,1,119000000,1,2017-02-05
4835082938415020542,GGOEGHPA002910,Google Trucker Hat,1,21990000,1,2016-10-27
4835082938415020542,GGOEGOAB015899,Rainbow Stylus Pen,50,75000000,1,2016-10-27
4835082938415020542,GGOEGOAR021999,Color Changing Grip Pen,30,45000000,1,2016-10-27
4835082938415020542,GGOEGODR017799,Recycled Mouse Pad,20,30000000,1,2016-10-27
4835082938415020542,GGOEGOFH020299,Galaxy Screen Cleaning Cloth,25,49750000,1,2016-10-27
4851838287757329437,GGOENEBJ079499,Nest® Learning Thermostat 3rd Gen-USA - Stainless Steel,1,149000000,1,2016-12-15
4895589108517804020,GGOENEBQ078999,Nest® Cam Outdoor Security Camera - USA,1,119000000,1,2017-01-03
4922504438782099202,GGOENEBQ084699,Nest® Learning Thermostat 3rd Gen-USA - White,1,149000000,1,2017-07-16
4924742829648731109,GGOEGAEJ033316,Google Men's Long Sleeve Pullover Badge Tee Heather,1,27990000,1,2016-12-28
4984366501121503466,GGOEGBJR018199,Reusable Shopping Bag,16,56000000,1,2016-12-14
4984366501121503466,GGOEGOAC021799,Ballpoint Pen Blue,100,99000000,1,2016-10-18
5036056884206014457,GGOENEBQ078999,Nest® Cam Outdoor Security Camera - USA,2,238000000,1,2016-12-20
5099484252106710427,GGOENEBB078899,Nest® Cam Indoor Security Camera - USA,1,119000000,1,2017-02-02
5112369122544987822,GGOEGFKQ020399,Google Laptop and Cell Phone Stickers,20,47800000,1,2017-05-24
5112369122544987822,GGOEGOAB021699,Google Ballpoint Pen Black,10,15900000,1,2017-05-24
5112369122544987822,GGOEGOAR021999,Color Changing Grip Pen,10,12000000,1,2017-05-24
5174330499052271898,GGOENEBJ079499,Nest® Learning Thermostat 3rd Gen-USA - Stainless Steel,1,149000000,1,2016-12-02
5182591084987683579,GGOENEBQ078999,Nest® Cam Outdoor Security Camera - USA,2,238000000,1,2016-12-27
5183210238809213015,GGOEGAAR010714,Google Men's 100% Cotton Short Sleeve Hero Tee Red,1,13590000,1,2016-09-19
5185645869012304658,GGOEGDHC018299,Google 22 oz Water Bottle,50,119500000,1,2017-06-27
5185645869012304658,GGOEGOAA017199,Rubber Grip Ballpoint Pen 4 Pack,25,99750000,1,2017-06-27
5185645869012304658,GGOEGOCR017899,Recycled Paper Journal Set,50,159500000,1,2017-06-27
5205547777184804145,GGOEGDHJ082599,Google 17 oz Double Wall Stainless Steel Insulated Bottle,1,19990000,1,2017-04-09
5216295436197840308,GGOEGAAQ010413,Google Men's 100% Cotton Short Sleeve Hero Tee White,1,16990000,1,2016-12-19
5216295436197840308,GGOEGAEC033113,Google Men's Long Sleeve Raglan Ocean Blue,1,24990000,1,2016-12-19
5241647858965846935,GGOEGFAQ016699,Bottle Opener Clip,3,10500000,1,2016-10-06
527376539107477240,GGOENEBQ079099,Nest® Protect Smoke + CO White Battery Alarm-USA,4,316000000,1,2017-05-15
5371406328024359567,GGOENEBB078899,Nest® Cam Indoor Security Camera - USA,1,119000000,1,2016-11-07
5371406328024359567,GGOENEBQ078999,Nest® Cam Outdoor Security Camera - USA,3,357000000,1,2016-11-07
5383186843035348431,GGOENEBJ079499,Nest® Learning Thermostat 3rd Gen-USA - Stainless Steel,1,149000000,1,2017-01-12
5388358994416141920,GGOENEBB078899,Nest® Cam Indoor Security Camera - USA,1,119000000,1,2017-08-01
5402571042001627330,GGOEGAAJ032315,Google Men's Short Sleeve Hero Tee Charcoal,3,31890000,1,2017-07-13
5453754604542193640,GGOENEBJ079499,Nest® Learning Thermostat 3rd Gen-USA - Stainless Steel,1,149000000,1,2017-01-17
5574984436191734530,GGOEGBJL013999,Google Canvas Tote Natural/Navy,14,179060000,1,2016-09-09
5583321710262538531,GGOENEBJ079499,Nest® Learning Thermostat 3rd Gen-USA - Stainless Steel,1,149000000,1,2017-04-24
5585823397814979670,GGOENEBJ079499,Nest® Learning Thermostat 3rd Gen-USA - Stainless Steel,1,149000000,1,2017-04-03
5697312187807856510,GGOENEBB078899,Nest® Cam Indoor Security Camera - USA,4,476000000,1,2016-11-16
5709844606802776587,GGOENEBB078899,Nest® Cam Indoor Security Camera - USA,2,238000000,2,2016-12-19
5713365943321772776,GGOENEBB078899,Nest® Cam Indoor Security Camera - USA,1,119000000,1,2017-07-09
5844499585021930653,GGOEGBCR024399,Google Lunch Bag,1,11190000,1,2017-04-06
5844499585021930653,GGOEGBJR018199,Reusable Shopping Bag,3,8400000,1,2017-04-06
5881690998145293518,GGOENEBQ078999,Nest® Cam Outdoor Security Camera - USA,2,238000000,1,2016-12-02
5909421140006414053,GGOENEBQ078999,Nest® Cam Outdoor Security Camera - USA,1,119000000,1,2016-11-30
593454932952091656,GGOENEBQ084699,Nest® Learning Thermostat 3rd Gen-USA - White,1,149000000,1,2017-06-19
6241521427679714135,GGOEGBJR018199,Reusable Shopping Bag,2,7000000,1,2017-02-28
6241521427679714135,GGOEGFKQ020399,Google Laptop and Cell Phone Stickers,2,3980000,1,2017-02-28
6241521427679714135,GGOEGFYQ016599,Foam Can and Bottle Cooler,2,3980000,1,2017-02-28
6241521427679714135,GGOEGGOA017399,Maze Pen,10,9900000,1,2017-02-28
6259202518292934794,GGOEGFKQ020799,Google Doodle Decal,1,2390000,1,2017-08-01
6259202518292934794,GGOEGFYQ016599,Foam Can and Bottle Cooler,1,1110000,1,2017-08-01
6259202518292934794,GGOEGHPB080410,Google 5-Panel Snapback Cap,1,10630000,1,2017-08-01
6259202518292934794,GGOEGOCC077999,Google Spiral Journal with Pen,1,5590000,1,2017-08-01
6274710124593723959,GGOENEBQ078999,Nest® Cam Outdoor Security Camera - USA,1,119000000,1,2016-12-20
6318304675637687761,GGOENEBQ078999,Nest® Cam Outdoor Security Camera - USA,1,119000000,1,2017-01-13
6382817555396720981,GGOENEBQ078999,Nest® Cam Outdoor Security Camera - USA,2,238000000,1,2016-12-08
6404973842719827074,GGOENEBB078899,Nest® Cam Indoor Security Camera - USA,1,119000000,1,2017-04-29
6404973842719827074,GGOENEBQ079199,Nest® Protect Smoke + CO White Wired Alarm-USA,4,316000000,1,2017-04-29
6409468752915442903,GGOENEBB081499,Nest® Cam Indoor Security Camera - CA,1,149000000,1,2016-12-22
6409468752915442903,GGOENEBJ081899,Nest® Learning Thermostat 3rd Gen - CA - Stainless Steel,1,199000000,1,2016-12-22
655228336256010683,GGOENEBQ084699,Nest® Learning Thermostat 3rd Gen-USA - White,1,149000000,1,2017-06-22
6592883580168014282,GGOEGOLC014299,Google Metallic Notebook Set,60,287400000,1,2017-04-04
6625847546972258682,GGOENEBJ079499,Nest® Learning Thermostat 3rd Gen-USA - Stainless Steel,1,149000000,1,2016-12-13
6633489378641485537,GGOENEBJ079499,Nest® Learning Thermostat 3rd Gen-USA - Stainless Steel,1,149000000,1,2017-01-17
6666536203819207731,GGOENEBB078899,Nest® Cam Indoor Security Camera - USA,2,238000000,1,2017-04-24
6711726803332388853,GGOENEBJ079499,Nest® Learning Thermostat 3rd Gen-USA - Stainless Steel,1,149000000,1,2017-05-19
6760732402251466726,GGOEGAAQ010414,Google Men's 100% Cotton Short Sleeve Hero Tee White,4,54360000,1,2016-08-31
6760732402251466726,GGOEGAAQ010415,Google Men's 100% Cotton Short Sleeve Hero Tee White,2,27180000,1,2016-08-31
6760732402251466726,GGOEGAAQ010416,Google Men's 100% Cotton Short Sleeve Hero Tee White,1,13590000,1,2016-08-31
6760732402251466726,GGOEGAEQ027913,Google Women's Short Sleeve Hero Tee White,1,13590000,1,2016-08-31
6760732402251466726,GGOEGAEQ027914,Google Women's Short Sleeve Hero Tee White,1,13590000,1,2016-08-31
6760732402251466726,GGOEGDHC017999,24 oz USA Made Aluminum Bottle,10,79900000,1,2016-09-14
6760732402251466726,GGOEGHGR019499,Google Sunglasses,40,112000000,2,2016-09-14
6760732402251466726,GGOEGHPB071610,Google Twill Cap,20,175800000,2,2016-09-14
6766852274145624203,GGOENEBB078899,Nest® Cam Indoor Security Camera - USA,1,119000000,1,2017-03-27
6781934558737955524,GGOEGAAQ010416,Google Men's 100% Cotton Short Sleeve Hero Tee White,2,27180000,1,2016-11-11
6781934558737955524,GGOEGAEL031113,Google Men's Heavyweight Long Sleeve Hero Tee Navy,1,31990000,1,2016-11-11
6781934558737955524,GGOEGDWR015799,Red Shine 15 oz Mug,1,10390000,1,2016-11-11
6815234192194618942,GGOEGOCB017499,Leatherette Journal,12,105480000,1,2016-09-27
6819276672461300451,GGOENEBJ079499,Nest® Learning Thermostat 3rd Gen-USA - Stainless Steel,1,149000000,1,2017-02-16
684586979835492905,GGOEGHGC019799,Google Sunglasses,20,56000000,1,2017-06-02
684586979835492905,GGOEGHGH019699,Google Sunglasses,25,70000000,1,2017-06-02
684586979835492905,GGOEGHGR019499,Google Sunglasses,20,56000000,1,2017-06-02
684586979835492905,GGOEGHGT019599,Google Sunglasses,25,70000000,1,2017-06-02
6851514197065603297,GGOENEBJ079499,Nest® Learning Thermostat 3rd Gen-USA - Stainless Steel,1,149000000,1,2017-07-03
6902735691178647878,GGOENEBB078899,Nest® Cam Indoor Security Camera - USA,1,119000000,1,2016-12-17
7066946419396410808,GGOEGDWC020199,Engraved Ceramic Google Mug,20,143800000,1,2016-12-07
7066946419396410808,GGOEGFKQ020399,Google Laptop and Cell Phone Stickers,20,31800000,1,2016-12-07
7066946419396410808,GGOEGODR017799,Recycled Mouse Pad,20,24000000,1,2016-12-07
7100576777601570735,GGOENEBQ078999,Nest® Cam Outdoor Security Camera - USA,1,119000000,1,2016-12-17
7160254919852355006,GGOENEBJ079499,Nest® Learning Thermostat 3rd Gen-USA - Stainless Steel,1,149000000,1,2016-11-11
7208578592223139179,GGOENEBJ079499,Nest® Learning Thermostat 3rd Gen-USA - Stainless Steel,1,149000000,1,2016-12-20
7291346718031890073,GGOEGHGR019499,Google Sunglasses,1,2800000,1,2016-08-11
7311242886083854158,GGOEGBJR018199,Reusable Shopping Bag,10,35000000,1,2016-12-16
7311242886083854158,GGOEGBMJ013399,Sport Bag,5,24950000,1,2016-12-16
7311242886083854158,GGOEGOAR021899,Retractable Ballpoint Pen Red,25,31250000,1,2016-12-16
7314823991392094389,GGOENEBQ078999,Nest® Cam Outdoor Security Camera - USA,1,119000000,1,2016-11-27
7344519175727343086,GGOEGESC014099,Rocket Flashlight,1,4990000,1,2016-08-26
7344519175727343086,GGOEGEVR014999,Google Water Resistant Bluetooth Speaker,1,34990000,1,2016-08-23
7344519175727343086,GGOEGODR017799,Recycled Mouse Pad,1,1500000,1,2016-08-24
7344519175727343086,GGOEYAEB035613,YouTube Men's Vintage Tank,1,20990000,1,2016-08-24
7366648314975511623,GGOEADWQ015699,Android Rise 14 oz Mug,1,10390000,1,2017-06-29
7421721753745865848,GGOENEBQ084699,Nest® Learning Thermostat 3rd Gen-USA - White,1,149000000,1,2017-05-03
7462479021558534285,GGOENEBJ079499,Nest® Learning Thermostat 3rd Gen-USA - Stainless Steel,1,149000000,1,2017-07-29
7463172420271311409,GGOEGOXQ016399,Badge Holder,20,39800000,1,2016-10-18
7535069229429628764,GGOEGOAQ020099,Four Color Retractable Pen,100,299000000,1,2017-04-13
7548511681521037018,GGOEGOAQ012899,Ballpoint LED Light Pen,25,62500000,1,2017-05-01
7561014297963838461,GGOEGAAB033813,Google Men's Vintage Badge Tee Black,1,18990000,1,2017-03-06
7561014297963838461,GGOEGEVB070499,Google Bluetooth Headphones,2,99980000,1,2017-03-06
7576412479791634134,GGOEGALP034315,Google Women's Vintage Hero Tee Lavender,1,13290000,1,2017-05-16
7576412479791634134,GGOEGOCL077699,Google Hard Cover Journal,1,14990000,1,2017-05-16
768918098209083254,GGOENEBQ078999,Nest® Cam Outdoor Security Camera - USA,1,119000000,1,2017-03-06
7740740695520900343,GGOENEBJ079499,Nest® Learning Thermostat 3rd Gen-USA - Stainless Steel,1,149000000,1,2016-12-18
7794167707417359193,GGOENEBJ079499,Nest® Learning Thermostat 3rd Gen-USA - Stainless Steel,1,149000000,1,2017-01-17
7813149961404844386,GGOEGAEC033114,Google Men's Long Sleeve Raglan Ocean Blue,1,24990000,1,2017-02-12
7813149961404844386,GGOENEBB078899,Nest® Cam Indoor Security Camera - USA,1,119000000,1,2017-01-24
7813149961404844386,GGOENEBJ079499,Nest® Learning Thermostat 3rd Gen-USA - Stainless Steel,4,596000000,3,2017-02-24
7857824418250768875,GGOENEBJ079499,Nest® Learning Thermostat 3rd Gen-USA - Stainless Steel,2,298000000,1,2017-01-23
7886608204422373637,GGOENEBJ079499,Nest® Learning Thermostat 3rd Gen-USA - Stainless Steel,2,298000000,1,2017-03-20
7933171750259720017,GGOEAAAB034815,Android BTTF Cosmos Graphic Tee,1,19990000,1,2017-07-03
7933171750259720017,GGOEGAAJ032815,Google Men's Skater Tee Charcoal,1,13990000,1,2017-07-03
7933171750259720017,GGOEGBRA037499,Waterproof Backpack,1,99990000,1,2017-07-03
7933171750259720017,GGOEGCBC016999,Google Pet Feeding Mat,2,9780000,1,2017-07-03
7933171750259720017,GGOEGHPB003410,Google Snapback Hat Black,1,22990000,1,2017-07-03
7952020509901126390,GGOENEBQ078999,Nest® Cam Outdoor Security Camera - USA,1,119000000,1,2017-01-07
7970701992007145468,GGOEGFYQ016599,Foam Can and Bottle Cooler,100,159000000,1,2016-09-09
803888563485194008,GGOEGAEJ028016,Google Women's Short Sleeve Hero Tee Grey,2,27180000,1,2016-09-26
804688559095985023,GGOEGOAQ012899,Ballpoint LED Light Pen,40,80000000,1,2017-07-24
804688559095985023,GGOEYDHJ056099,22 oz YouTube Bottle Infuser,40,159600000,1,2017-07-24
8148758607016079689,GGOENEBQ078999,Nest® Cam Outdoor Security Camera - USA,1,119000000,1,2017-03-17
8159351815847132530,GGOENEBB078899,Nest® Cam Indoor Security Camera - USA,2,238000000,1,2017-04-16
8161100061009926332,GGOENEBB078899,Nest® Cam Indoor Security Camera - USA,1,119000000,1,2017-01-25
8197879643797712877,GGOEADHH015499,Android 24 oz Contigo Bottle,1,16790000,1,2017-05-20
8197879643797712877,GGOEGBRJ037399,Google Rucksack,1,69990000,1,2017-05-20
8197879643797712877,GGOEGDHC018299,Google 22 oz Water Bottle,10,29900000,1,2017-05-20
8197879643797712877,GGOEGDHR018499,Google 22 oz Water Bottle,10,29900000,1,2017-05-20
8197879643797712877,GGOEGGOA017399,Maze Pen,50,49500000,1,2016-11-10
8216610377778696054,GGOEGAWN062748,Google Infant Zip Hood Pink,1,30390000,1,2016-08-15
8216610377778696054,GGOEGAWQ062948,Google Baby Essentials Set,1,27190000,1,2016-08-15
8238452809938875713,GGOENEBQ079099,Nest® Protect Smoke + CO White Battery Alarm-USA,1,79000000,1,2016-11-12
8258339645709529752,GGOENEBQ078999,Nest® Cam Outdoor Security Camera - USA,2,238000000,1,2017-07-05
8360984746454541590,GGOENEBQ078999,Nest® Cam Outdoor Security Camera - USA,2,238000000,1,2017-04-27
8392868908637772371,GGOENEBQ079199,Nest® Protect Smoke + CO White Wired Alarm-USA,1,79000000,1,2017-01-06
8422139617052239991,GGOENEBJ079499,Nest® Learning Thermostat 3rd Gen-USA - Stainless Steel,1,149000000,1,2016-11-30
8441639142548296911,GGOEGFYQ016599,Foam Can and Bottle Cooler,150,238500000,1,2016-10-10
8441922063077344895,GGOENEBB081499,Nest® Cam Indoor Security Camera - CA,1,149000000,1,2016-12-20
8482358096465271237,GGOEAKDH019899,Windup Android,1,3190000,1,2017-05-04
8482358096465271237,GGOEGEVA022399,Micro Wireless Earbud,1,31990000,1,2017-05-04
8482358096465271237,GGOEGEVR014999,Google Water Resistant Bluetooth Speaker,1,27990000,1,2017-05-04
8482358096465271237,GGOEGOBC078699,Google Luggage Tag,1,7190000,1,2017-05-04
8507196799437222866,GGOENEBJ079499,Nest® Learning Thermostat 3rd Gen-USA - Stainless Steel,1,149000000,1,2016-12-22
8556696532508583697,GGOENEBQ078999,Nest® Cam Outdoor Security Camera - USA,1,119000000,1,2017-02-15
8668122113865135472,GGOENEBJ079499,Nest® Learning Thermostat 3rd Gen-USA - Stainless Steel,2,298000000,1,2017-06-25
8689165484936099006,GGOENEBJ079499,Nest® Learning Thermostat 3rd Gen-USA - Stainless Steel,1,149000000,1,2017-01-11
8704055191873808093,GGOEGFKQ020399,Google Laptop and Cell Phone Stickers,5,14950000,1,2017-05-26
8704055191873808093,GGOEYFKQ020699,YouTube Custom Decals,5,9950000,1,2017-05-26
8830964532451259220,GGOENEBQ078999,Nest® Cam Outdoor Security Camera - USA,1,119000000,1,2017-01-27
8851822767477687842,GGOEGEVR014999,Google Water Resistant Bluetooth Speaker,6,167940000,1,2016-09-07
8851822767477687842,GGOEGFSR022099,Google Kick Ball,6,9540000,1,2016-09-07
8890384353656042946,GGOENEBJ079499,Nest® Learning Thermostat 3rd Gen-USA - Stainless Steel,1,149000000,1,2017-07-12
8911539222137015083,GGOENEBJ079499,Nest® Learning Thermostat 3rd Gen-USA - Stainless Steel,1,149000000,1,2017-01-03
8918875846126233398,GGOENEBQ078999,Nest® Cam Outdoor Security Camera - USA,1,119000000,1,2017-01-21
8925835217447911803,GGOEGOAB021699,Google Ballpoint Pen Black,30,47700000,1,2016-09-22
8943414315700911767,GGOENEBB078899,Nest® Cam Indoor Security Camera - USA,1,119000000,1,2016-12-05
8993786230845085299,GGOENEBB078899,Nest® Cam Indoor Security Camera - USA,1,119000000,1,2017-02-24
9025839087701703468,GGOENEBQ078999,Nest® Cam Outdoor Security Camera - USA,1,119000000,1,2017-04-27
9029794295932939024,GGOEGBRB073899,Google Laptop Tech Backpack,5,239950000,1,2016-11-23
9029794295932939024,GGOEGOAB021699,Google Ballpoint Pen Black,40,79600000,1,2017-03-22
9029794295932939024,GGOEGOAC021799,Ballpoint Pen Blue,50,49500000,1,2016-11-23
9068110718307750174,GGOENEBJ079499,Nest® Learning Thermostat 3rd Gen-USA - Stainless Steel,1,149000000,1,2016-11-08
9077649148974613765,GGOENEBJ079499,Nest® Learning Thermostat 3rd Gen-USA - Stainless Steel,1,149000000,1,2017-02-15
9094579446628352916,GGOENEBQ078999,Nest® Cam Outdoor Security Camera - USA,1,119000000,1,2016-12-15
9094579446628352916,GGOENEBQ079099,Nest® Protect Smoke + CO White Battery Alarm-USA,2,158000000,1,2016-12-15
9094579446628352916,GGOENEBQ079199,Nest® Protect Smoke + CO White Wired Alarm-USA,1,79000000,1,2016-12-15
9102576971689200529,GGOENEBQ079199,Nest® Protect Smoke + CO White Wired Alarm-USA,4,316000000,1,2017-05-20
910504852442385120,GGOEADHH055999,22 oz Android Bottle,10,23900000,1,2016-10-24
910504852442385120,GGOEAKDH019899,Windup Android,10,31900000,1,2016-10-24
910504852442385120,GGOEAOCH014199,Android Journal Book Set,10,71900000,1,2016-10-24
9114466664003391502,GGOENEBJ079499,Nest® Learning Thermostat 3rd Gen-USA - Stainless Steel,1,149000000,1,2016-11-28
9253891173940036104,GGOENEBB078899,Nest® Cam Indoor Security Camera - USA,1,119000000,1,2017-06-12
9263433725589070912,GGOENEBQ079199,Nest® Protect Smoke + CO White Wired Alarm-USA,1,79000000,1,2016-12-25
9305766004990797685,GGOEGOAB016099,Leather and Metal Ballpoint Pen,20,201400000,1,2017-04-18
9372618001980854712,GGOEGHGC019799,Google Sunglasses,10,35000000,1,2017-03-28
9377429831454005466,GGOEADHH055999,22 oz Android Bottle,5,14950000,1,2016-09-06
9377429831454005466,GGOEAFKQ020599,Android Sticker Sheet Ultra Removable,2,5980000,1,2016-09-06
9377429831454005466,GGOEGBMJ013399,Sport Bag,12,59880000,1,2016-09-06
9377429831454005466,GGOEGDHC018299,Google 22 oz Water Bottle,5,14950000,1,2016-09-06
9377429831454005466,GGOEGFKQ020399,Google Laptop and Cell Phone Stickers,3,5970000,1,2016-09-06
9377429831454005466,GGOEGGOA017399,Maze Pen,7,6930000,1,2016-09-06
9377429831454005466,GGOEGHGC019799,Google Sunglasses,23,80500000,2,2016-09-15
9377429831454005466,GGOEGHGH019699,Google Sunglasses,25,87500000,2,2016-09-15
9377429831454005466,GGOEGHGR019499,Google Sunglasses,23,80500000,2,2016-09-15
9377429831454005466,GGOEGOFH020299,Galaxy Screen Cleaning Cloth,5,9950000,1,2016-09-06
9425423426129172433,GGOENEBB078899,Nest® Cam Indoor Security Camera - USA,2,238000000,1,2016-12-02
9425423426129172433,GGOENEBQ078999,Nest® Cam Outdoor Security Camera - USA,1,119000000,1,2016-12-02
9441363074622315795,GGOENEBQ078999,Nest® Cam Outdoor Security Camera - USA,1,119000000,1,2016-11-29
9444840339795785957,GGOENEBJ079499,Nest® Learning Thermostat 3rd Gen-USA - Stainless Steel,1,149000000,1,2016-11-29
9444840339795785957,GGOENEBQ079099,Nest® Protect Smoke + CO White Battery Alarm-USA,1,79000000,1,2016-11-29
9519453598438934808,GGOEGAFB035815,Google Men's  Zip Hoodie,1,44790000,1,2017-01-31
9531727821358779487,GGOEGOAR013099,Google Stylus Pen w/ LED Light,7,30800000,1,2016-11-28
9607694910197531314,GGOEGBJB022599,Large Zipper Top Tote Bag,1,27990000,1,2017-06-20
9634718394347160889,GGOEGEVJ023999,Aria Bluetooth Speaker,1,79990000,1,2016-08-14
9681060687378784629,GGOEAFKQ020499,8 pc Android Sticker Sheet,4,7960000,1,2017-07-28
9681060687378784629,GGOEGBJC014399,Google Tote Bag,4,39960000,1,2017-07-28
9681060687378784629,GGOEGBJC019999,Collapsible Shopping Bag,1,4990000,1,2017-07-28
9681060687378784629,GGOEGBMJ013399,Sport Bag,1,4990000,1,2017-07-28
9681060687378784629,GGOEGFSR022099,Google Kick Ball,6,11940000,1,2017-07-28
9681060687378784629,GGOEGOCR017899,Recycled Paper Journal Set,120,478800000,1,2017-07-28
9681060687378784629,GGOEGPJC019099,7&quot; Dog Frisbee,6,9000000,1,2017-07-28
9699039995206759223,GGOENEBJ079499,Nest® Learning Thermostat 3rd Gen-USA - Stainless Steel,1,149000000,1,2016-12-14
9708156631986960389,GGOENEBB078899,Nest® Cam Indoor Security Camera - USA,2,238000000,1,2017-02-26
971602213220780861,GGOENEBB078899,Nest® Cam Indoor Security Camera - USA,1,119000000,1,2017-03-24
971602213220780861,GGOENEBQ078999,Nest® Cam Outdoor Security Camera - USA,1,119000000,1,2017-03-24
9725913237923665374,GGOENEBB078899,Nest® Cam Indoor Security Camera - USA,2,238000000,1,2016-12-19
9725913237923665374,GGOENEBJ079499,Nest® Learning Thermostat 3rd Gen-USA - Stainless Steel,1,149000000,1,2016-12-19
9725913237923665374,GGOENEBQ078999,Nest® Cam Outdoor Security Camera - USA,2,238000000,1,2016-12-19
9771437221362506189,GGOEGCBQ016499,SPF-15 Slim & Slender Lip Balm,3,7500000,1,2016-10-18
9771437221362506189,GGOEGOAR013099,Google Stylus Pen w/ LED Light,5,27500000,1,2016-10-18
9807072102349488174,GGOEGAAB010514,Google Men's 100% Cotton Short Sleeve Hero Tee Black,1,13590000,1,2016-08-29
9807072102349488174,GGOEGAAB010515,Google Men's 100% Cotton Short Sleeve Hero Tee Black,7,95130000,2,2016-09-06
9807072102349488174,GGOEGAAB010516,Google Men's 100% Cotton Short Sleeve Hero Tee Black,9,122310000,2,2016-09-06
9935363478089463685,GGOEGAEA030414,Google Womens 3/4 Sleeve Baseball Raglan Heather/Black,2,31980000,1,2016-12-13
9952616174324085427,GGOEGAAB010515,Google Men's 100% Cotton Short Sleeve Hero Tee Black,55,747450000,2,2016-11-04
9952616174324085427,GGOEGAAB010516,Google Men's 100% Cotton Short Sleeve Hero Tee Black,10,135900000,1,2016-11-04
